""	"UMAP_1"	"UMAP_2"	"lochNESS"	"lochness_grouping"	"condition"	"integrated_snn_res.0.03"	"orig.ident"	"treatment"
"AAACCCAGTTGACTGT-1_3"	4.31437823584801	-2.38871379591034	0.360975609756098	"group2"	"Dup"	"0"	"Dup-E185-1-Dup-E185"	"E185"
"AAAGGATCAACCGTAT-1_3"	1.21336791327721	2.57654551767303	0.701219512195122	"group2"	"Dup"	"0"	"Dup-E185-1-Dup-E185"	"E185"
"AACCATGTCTTCCCGA-1_3"	1.81332824042565	2.69668559335662	0.701219512195122	"group2"	"Dup"	"0"	"Dup-E185-1-Dup-E185"	"E185"
"AACCTGACATAGGTTC-1_3"	-6.76725962349647	-13.8232371399503	0.0207317073170732	"group2"	"Dup"	"1"	"Dup-E185-1-Dup-E185"	"E185"
"AACGAAAAGAAACCAT-1_3"	3.00697943976647	-2.80808587766693	2.06219512195122	"group2"	"Dup"	"0"	"Dup-E185-1-Dup-E185"	"E185"
"AAGATAGAGACTTCGT-1_3"	-6.60219218918556	-13.7917096207242	0.0207317073170732	"group2"	"Dup"	"1"	"Dup-E185-1-Dup-E185"	"E185"
"AAGCGTTGTTCCACGG-1_3"	-11.7771883268046	-1.56002827383088	0.0207317073170732	"group2"	"Dup"	"1"	"Dup-E185-1-Dup-E185"	"E185"
"AAGTCGTTCGATTGAC-1_3"	0.316861126930776	2.69533185266449	0.360975609756098	"group2"	"Dup"	"0"	"Dup-E185-1-Dup-E185"	"E185"
"ACATCCCCAGATCCTA-1_3"	-1.35088875481361	-1.78033467031525	0.0207317073170732	"group2"	"Dup"	"0"	"Dup-E185-1-Dup-E185"	"E185"
"ACATTTCTCGCTGTCT-1_3"	3.30145308783776	-2.64398081995057	0.0207317073170732	"group2"	"Dup"	"0"	"Dup-E185-1-Dup-E185"	"E185"
"ACCAACACACACGTGC-1_3"	3.61075637152916	-2.17095704771088	0.360975609756098	"group2"	"Dup"	"0"	"Dup-E185-1-Dup-E185"	"E185"
"ACCTGTCGTTGGGCCT-1_3"	1.75442883780724	3.02844266199066	0.0207317073170732	"group2"	"Dup"	"0"	"Dup-E185-1-Dup-E185"	"E185"
"ACGTAGTGTGAGTAGC-1_3"	2.58039614966637	3.88447694086029	0.360975609756098	"group2"	"Dup"	"0"	"Dup-E185-1-Dup-E185"	"E185"
"ACTCTCGGTGCGAGTA-1_3"	2.25611016562706	2.79148940347625	0.360975609756098	"group2"	"Dup"	"0"	"Dup-E185-1-Dup-E185"	"E185"
"ACTGTCCGTTACGTAC-1_3"	3.87636802008873	-3.25643761850403	0.701219512195122	"group2"	"Dup"	"0"	"Dup-E185-1-Dup-E185"	"E185"
"ACTTCGCCACACCTAA-1_3"	2.76181933692223	3.3369253089328	0.701219512195122	"group2"	"Dup"	"0"	"Dup-E185-1-Dup-E185"	"E185"
"AGACTCATCGTCGACG-1_3"	1.34950253775841	4.99551228784515	0.0207317073170732	"group2"	"Dup"	"0"	"Dup-E185-1-Dup-E185"	"E185"
"AGCCACGGTGCTCTTC-1_3"	-10.8453970212626	-1.20802541471527	0.0207317073170732	"group2"	"Dup"	"1"	"Dup-E185-1-Dup-E185"	"E185"
"AGTCTCCGTAAGTTGA-1_3"	2.27738663962609	-2.43672497964905	0.701219512195122	"group2"	"Dup"	"0"	"Dup-E185-1-Dup-E185"	"E185"
"AGTTAGCGTGCAACAG-1_3"	1.08373830130822	5.38279084466888	-0.319512195121951	"group2"	"Dup"	"0"	"Dup-E185-1-Dup-E185"	"E185"
"ATCCATTCAAAGTGTA-1_3"	-0.779205347983775	-1.90900727010773	-0.319512195121951	"group2"	"Dup"	"0"	"Dup-E185-1-Dup-E185"	"E185"
"ATCGGATCAAGTCCAT-1_3"	2.01456734946496	-2.03153689600037	0.360975609756098	"group2"	"Dup"	"0"	"Dup-E185-1-Dup-E185"	"E185"
"ATCGGATTCACTCTTA-1_3"	2.13119361212975	2.33955983423187	0.0207317073170732	"group2"	"Dup"	"0"	"Dup-E185-1-Dup-E185"	"E185"
"CAACAGTTCGTAACAC-1_3"	-0.0230131406473495	4.86789731286956	-0.319512195121951	"group2"	"Dup"	"0"	"Dup-E185-1-Dup-E185"	"E185"
"CAATACGTCCGGACGT-1_3"	1.14342067054039	2.03139952920868	0.0207317073170732	"group2"	"Dup"	"0"	"Dup-E185-1-Dup-E185"	"E185"
"CACAACAAGTGGTGGT-1_3"	0.637005780251088	3.1924407889743	0.701219512195122	"group2"	"Dup"	"0"	"Dup-E185-1-Dup-E185"	"E185"
"CACAGGCGTCTTCCGT-1_3"	2.99908873847252	-2.5578672478299	0.360975609756098	"group2"	"Dup"	"0"	"Dup-E185-1-Dup-E185"	"E185"
"CACGAATCATGTGCCG-1_3"	0.612576935799184	5.17838410638763	-0.319512195121951	"group2"	"Dup"	"0"	"Dup-E185-1-Dup-E185"	"E185"
"CAGCAATAGGGCATGT-1_3"	-11.1117282170939	-1.36203547216462	-0.319512195121951	"group2"	"Dup"	"1"	"Dup-E185-1-Dup-E185"	"E185"
"CAGCACGAGATGTTGA-1_3"	2.42812106421715	1.82802228235199	0.701219512195122	"group2"	"Dup"	"0"	"Dup-E185-1-Dup-E185"	"E185"
"CATGCTCAGCGTATGG-1_3"	-11.3080911893534	-4.6229854414563	-0.319512195121951	"group2"	"Dup"	"1"	"Dup-E185-1-Dup-E185"	"E185"
"CATGGTAAGCAAGTGC-1_3"	2.24508616736657	4.66254452966644	0.360975609756098	"group2"	"Dup"	"0"	"Dup-E185-1-Dup-E185"	"E185"
"CCCTCTCCATCCGTGG-1_3"	2.05025718024498	2.90812091134979	0.701219512195122	"group2"	"Dup"	"0"	"Dup-E185-1-Dup-E185"	"E185"
"CCGGTGAGTAACATAG-1_3"	1.72275302222496	2.05207423471405	1.04146341463415	"group2"	"Dup"	"0"	"Dup-E185-1-Dup-E185"	"E185"
"CCGTGAGAGAATAACC-1_3"	1.6567034464193	3.6668494155307	0.0207317073170732	"group2"	"Dup"	"0"	"Dup-E185-1-Dup-E185"	"E185"
"CCGTTCAAGCCAACCC-1_3"	1.2672729235006	4.42921761774017	0.701219512195122	"group2"	"Dup"	"0"	"Dup-E185-1-Dup-E185"	"E185"
"CCTAAGACAGGTGAGT-1_3"	1.97092244437462	3.39374665521576	0.0207317073170732	"group2"	"Dup"	"0"	"Dup-E185-1-Dup-E185"	"E185"
"CCTCAACGTTCGTTCC-1_3"	3.94994685462243	-1.15969534612702	0.701219512195122	"group2"	"Dup"	"0"	"Dup-E185-1-Dup-E185"	"E185"
"CGATCGGGTGAACTAA-1_3"	2.64416930487877	-2.24022515512513	0.360975609756098	"group2"	"Dup"	"0"	"Dup-E185-1-Dup-E185"	"E185"
"CGCATGGCAAGAGTTA-1_3"	1.49621674826867	2.48798159860565	0.360975609756098	"group2"	"Dup"	"0"	"Dup-E185-1-Dup-E185"	"E185"
"CGCGTGATCTACGCGG-1_3"	1.06627652457482	4.89924077295257	0.360975609756098	"group2"	"Dup"	"0"	"Dup-E185-1-Dup-E185"	"E185"
"CTACAGACAATTCTTC-1_3"	1.77699849417931	2.16998509668304	0.0207317073170732	"group2"	"Dup"	"0"	"Dup-E185-1-Dup-E185"	"E185"
"CTACATTCACACCTTC-1_3"	0.958172772438588	-1.18026562429474	1.04146341463415	"group2"	"Dup"	"0"	"Dup-E185-1-Dup-E185"	"E185"
"CTCAACCGTCGTGGTC-1_3"	2.72196528723961	2.96533374093963	0.360975609756098	"group2"	"Dup"	"0"	"Dup-E185-1-Dup-E185"	"E185"
"CTGAGCGAGTTGGACG-1_3"	0.885982010872426	2.49048737787201	1.38170731707317	"group2"	"Dup"	"0"	"Dup-E185-1-Dup-E185"	"E185"
"CTGTCGTCAGTGTGCC-1_3"	2.82959887793786	2.75130061410858	0.0207317073170732	"group2"	"Dup"	"0"	"Dup-E185-1-Dup-E185"	"E185"
"CTGTCGTTCAAGATAG-1_3"	2.70862052253014	-1.76284404493378	0.701219512195122	"group2"	"Dup"	"0"	"Dup-E185-1-Dup-E185"	"E185"
"CTGTGGGTCGAGGCAA-1_3"	0.968434784920277	2.97708873056366	0.701219512195122	"group2"	"Dup"	"0"	"Dup-E185-1-Dup-E185"	"E185"
"CTTTCGGAGATCGGTG-1_3"	1.45444772055871	0.873469155063168	-0.319512195121951	"group2"	"Dup"	"0"	"Dup-E185-1-Dup-E185"	"E185"
"CTTTCGGGTGGCCTCA-1_3"	3.33688208869225	-3.33751573062943	0.701219512195122	"group2"	"Dup"	"0"	"Dup-E185-1-Dup-E185"	"E185"
"GAACACTGTTCGTACA-1_3"	-11.0948071736979	-4.85067566133545	0.0207317073170732	"group2"	"Dup"	"1"	"Dup-E185-1-Dup-E185"	"E185"
"GACACGCGTAAGAACT-1_3"	2.18491694739586	-2.6723053047757	2.06219512195122	"group2"	"Dup"	"0"	"Dup-E185-1-Dup-E185"	"E185"
"GACCCAGGTGGAGAAA-1_3"	2.61307380011803	-0.221407611141666	0.0207317073170732	"group2"	"Dup"	"0"	"Dup-E185-1-Dup-E185"	"E185"
"GAGTTGTTCCCTGTTG-1_3"	-10.8519487638163	-1.83698197103547	-0.319512195121951	"group2"	"Dup"	"1"	"Dup-E185-1-Dup-E185"	"E185"
"GATGATCAGCACCTGC-1_3"	4.16754100135094	-3.00036777950333	0.360975609756098	"group2"	"Dup"	"0"	"Dup-E185-1-Dup-E185"	"E185"
"GCATGATCAACACACT-1_3"	2.23379657080895	5.28628472589447	0.0207317073170732	"group2"	"Dup"	"0"	"Dup-E185-1-Dup-E185"	"E185"
"GCGATCGGTTGGAGAC-1_3"	-11.3952689428019	-2.66226263738678	0.0207317073170732	"group2"	"Dup"	"1"	"Dup-E185-1-Dup-E185"	"E185"
"GGATGTTAGAACTCCT-1_3"	-6.99011018463844	-13.8677537033658	0.0207317073170732	"group2"	"Dup"	"1"	"Dup-E185-1-Dup-E185"	"E185"
"GGGAAGTGTGCCGTTG-1_3"	-6.96609022804969	-13.773802478085	0.0207317073170732	"group2"	"Dup"	"1"	"Dup-E185-1-Dup-E185"	"E185"
"GGGTGTCGTCATATGC-1_3"	1.09011599829918	2.85724620126678	0.701219512195122	"group2"	"Dup"	"0"	"Dup-E185-1-Dup-E185"	"E185"
"GGTAATCAGGAAAGAC-1_3"	3.74401137641198	-0.366167504559025	0.360975609756098	"group2"	"Dup"	"0"	"Dup-E185-1-Dup-E185"	"E185"
"GGTCTGGCAGAGTCTT-1_3"	2.60708663275963	0.641931812991634	0.360975609756098	"group2"	"Dup"	"0"	"Dup-E185-1-Dup-E185"	"E185"
"GTACAGTAGGTCGACA-1_3"	1.06137511542565	2.06982688211395	1.38170731707317	"group2"	"Dup"	"0"	"Dup-E185-1-Dup-E185"	"E185"
"GTCTTTATCACACGAT-1_3"	1.54014298728234	3.91102103494598	-1	"group2"	"Dup"	"0"	"Dup-E185-1-Dup-E185"	"E185"
"GTGTGATGTGTAGGAC-1_3"	2.07217881491906	-2.02801891065644	1.38170731707317	"group2"	"Dup"	"0"	"Dup-E185-1-Dup-E185"	"E185"
"GTGTTCCTCGTGCACG-1_3"	2.83392188361413	-3.62164073086785	1.04146341463415	"group2"	"Dup"	"0"	"Dup-E185-1-Dup-E185"	"E185"
"GTTCCGTCATGACAAA-1_3"	-0.100005175559459	3.976158421268	0.360975609756098	"group2"	"Dup"	"0"	"Dup-E185-1-Dup-E185"	"E185"
"TACCCACAGTAGAATC-1_3"	2.91614863684899	1.92901400827362	1.04146341463415	"group2"	"Dup"	"0"	"Dup-E185-1-Dup-E185"	"E185"
"TACCCGTAGGCATTTC-1_3"	3.25290152838952	-1.06589718557404	-0.319512195121951	"group2"	"Dup"	"0"	"Dup-E185-1-Dup-E185"	"E185"
"TACTTACAGATACTGA-1_3"	0.387409661324086	3.10911444925262	1.04146341463415	"group2"	"Dup"	"0"	"Dup-E185-1-Dup-E185"	"E185"
"TACTTGTTCGCCTTGT-1_3"	2.96591708472496	-2.04775055147217	1.04146341463415	"group2"	"Dup"	"0"	"Dup-E185-1-Dup-E185"	"E185"
"TATCAGGGTAACACGG-1_3"	-11.2277064580607	-4.69382979370163	0.360975609756098	"group2"	"Dup"	"1"	"Dup-E185-1-Dup-E185"	"E185"
"TATGTTCCAGTGTGCC-1_3"	1.28018901160485	2.51571778558685	0.701219512195122	"group2"	"Dup"	"0"	"Dup-E185-1-Dup-E185"	"E185"
"TCACGCTGTGACTATC-1_3"	2.64583442023522	-3.69318764306115	1.38170731707317	"group2"	"Dup"	"0"	"Dup-E185-1-Dup-E185"	"E185"
"TCACTCGCAACTAGAA-1_3"	0.0748004656148575	4.673987667789	1.04146341463415	"group2"	"Dup"	"0"	"Dup-E185-1-Dup-E185"	"E185"
"TCCATCGGTTTGTTCT-1_3"	1.21342370322472	2.44731263421966	0.701219512195122	"group2"	"Dup"	"0"	"Dup-E185-1-Dup-E185"	"E185"
"TCCCACAGTACTCGAT-1_3"	2.07171723654992	3.93371991418792	1.04146341463415	"group2"	"Dup"	"0"	"Dup-E185-1-Dup-E185"	"E185"
"TCCTTCTAGAGGTCGT-1_3"	1.74812266639	4.61378506921722	0.701219512195122	"group2"	"Dup"	"0"	"Dup-E185-1-Dup-E185"	"E185"
"TCTATACGTTAGTTCG-1_3"	3.76102969458825	-1.27987023092316	0.701219512195122	"group2"	"Dup"	"0"	"Dup-E185-1-Dup-E185"	"E185"
"TGCAGTACAAGCCTGC-1_3"	2.67478511145836	-0.859354932079777	0.701219512195122	"group2"	"Dup"	"0"	"Dup-E185-1-Dup-E185"	"E185"
"TGCGGCATCCAACCGG-1_3"	-1.31830313393348	-1.94851108289765	0.0207317073170732	"group2"	"Dup"	"0"	"Dup-E185-1-Dup-E185"	"E185"
"TGCTCCACAAATGGTA-1_3"	2.75208136847741	-1.34569211698578	0.360975609756098	"group2"	"Dup"	"0"	"Dup-E185-1-Dup-E185"	"E185"
"TGCTCGTAGATCCCGC-1_3"	1.93777606299645	2.77596740030243	0.701219512195122	"group2"	"Dup"	"0"	"Dup-E185-1-Dup-E185"	"E185"
"TGCTTGCGTTGAATCC-1_3"	0.137368653328481	4.93357400201751	0.0207317073170732	"group2"	"Dup"	"0"	"Dup-E185-1-Dup-E185"	"E185"
"TGGAGGATCGCCAATA-1_3"	0.75642440131432	3.97269992135955	0.701219512195122	"group2"	"Dup"	"0"	"Dup-E185-1-Dup-E185"	"E185"
"TGGGAAGGTGCAGATG-1_3"	2.16519925406701	3.33123282693817	1.7219512195122	"group2"	"Dup"	"0"	"Dup-E185-1-Dup-E185"	"E185"
"TGTAACGCAAAGCTCT-1_3"	2.07380959800011	-3.18664737440155	1.38170731707317	"group2"	"Dup"	"0"	"Dup-E185-1-Dup-E185"	"E185"
"TGTCAGAGTGATCATC-1_3"	3.79319712928063	-3.04405184484528	1.04146341463415	"group2"	"Dup"	"0"	"Dup-E185-1-Dup-E185"	"E185"
"TGTGATGGTCAGATTC-1_3"	0.912646267921986	1.78939179681732	0.701219512195122	"group2"	"Dup"	"0"	"Dup-E185-1-Dup-E185"	"E185"
"TGTTCCGTCCAACTAG-1_3"	3.24695823004967	-2.36623414255188	0.360975609756098	"group2"	"Dup"	"0"	"Dup-E185-1-Dup-E185"	"E185"
"TTCCACGGTCAAAGTA-1_3"	-1.14109137245887	-2.1094744989972	1.04146341463415	"group2"	"Dup"	"0"	"Dup-E185-1-Dup-E185"	"E185"
"TTGTGGAAGGACACTG-1_3"	3.41777560523278	-2.78892024255799	1.38170731707317	"group2"	"Dup"	"0"	"Dup-E185-1-Dup-E185"	"E185"
"TTTATGCGTTCCATTT-1_3"	1.83216140082604	2.90854911111786	0.0207317073170732	"group2"	"Dup"	"0"	"Dup-E185-1-Dup-E185"	"E185"
"TTTGTTGCAGGATCTT-1_3"	1.84278390219933	3.39772967599823	0.360975609756098	"group2"	"Dup"	"0"	"Dup-E185-1-Dup-E185"	"E185"
"AAAGGTAGTGGGTCAA-1_4"	3.53953883460289	-3.80406906105088	1.16702127659574	"group2"	"Dup"	"0"	"Dup-E185-2-Dup-E185"	"E185"
"AAATGGAGTAAGACCG-1_4"	2.31160399726159	-3.0179450700383	0.547872340425532	"group2"	"Dup"	"0"	"Dup-E185-2-Dup-E185"	"E185"
"AACAAAGAGTGGTGGT-1_4"	-0.129941966025767	4.8976786544223	1.16702127659574	"group2"	"Dup"	"0"	"Dup-E185-2-Dup-E185"	"E185"
"AAGGAATTCCTAAACG-1_4"	1.54621932318932	2.90208176874115	0.857446808510638	"group2"	"Dup"	"0"	"Dup-E185-2-Dup-E185"	"E185"
"AATCGTGAGAACGTGC-1_4"	-0.921127821891246	-2.04819353319214	-0.380851063829787	"group2"	"Dup"	"0"	"Dup-E185-2-Dup-E185"	"E185"
"AATCGTGTCTTTCCGG-1_4"	1.86408660224205	2.18332270883514	0.857446808510638	"group2"	"Dup"	"0"	"Dup-E185-2-Dup-E185"	"E185"
"ACATTTCCAAGTTGGG-1_4"	1.88409135154015	-2.53750057912873	0.238297872340426	"group2"	"Dup"	"0"	"Dup-E185-2-Dup-E185"	"E185"
"ACCAAACAGGTTAAAC-1_4"	1.20482394507653	1.87731436990692	0.238297872340426	"group2"	"Dup"	"0"	"Dup-E185-2-Dup-E185"	"E185"
"ACGCACGCACGCTGCA-1_4"	0.0361180048299454	5.03689507745697	0.547872340425532	"group2"	"Dup"	"0"	"Dup-E185-2-Dup-E185"	"E185"
"ACTACGATCAGCAATC-1_4"	-11.0365929860758	-3.24114157653855	-0.690425531914894	"group2"	"Dup"	"1"	"Dup-E185-2-Dup-E185"	"E185"
"ACTTCGCTCGCCTAGG-1_4"	1.43597457221276	3.3967807700534	0.238297872340426	"group2"	"Dup"	"0"	"Dup-E185-2-Dup-E185"	"E185"
"AGACACTGTCGCGGTT-1_4"	2.98723647406823	-3.3053265402417	0.238297872340426	"group2"	"Dup"	"0"	"Dup-E185-2-Dup-E185"	"E185"
"AGGCCACAGAGACAAG-1_4"	1.53102729132897	0.190018456210629	1.16702127659574	"group2"	"Dup"	"0"	"Dup-E185-2-Dup-E185"	"E185"
"AGGGAGTAGCTGTTCA-1_4"	-6.87181570717567	-13.8291842529874	0.238297872340426	"group2"	"Dup"	"1"	"Dup-E185-2-Dup-E185"	"E185"
"AGGGTCCAGCATGGGT-1_4"	1.35532138159996	2.22930363916351	0.238297872340426	"group2"	"Dup"	"0"	"Dup-E185-2-Dup-E185"	"E185"
"AGGTCATAGCGTGTTT-1_4"	3.01480052283532	-3.92187125537054	1.78617021276596	"group2"	"Dup"	"0"	"Dup-E185-2-Dup-E185"	"E185"
"AGTAGTCTCCGCGAGT-1_4"	2.90576503089196	-2.65115161634491	0.547872340425532	"group2"	"Dup"	"0"	"Dup-E185-2-Dup-E185"	"E185"
"AGTTCCCAGCACCCAC-1_4"	-12.2021756429362	-2.27272661424683	-1	"group2"	"Dup"	"1"	"Dup-E185-2-Dup-E185"	"E185"
"ATAGAGACAGAGAAAG-1_4"	3.48363253882653	-1.93915768362091	0.857446808510638	"group2"	"Dup"	"0"	"Dup-E185-2-Dup-E185"	"E185"
"ATTCACTTCGAGTGGA-1_4"	1.61647364905602	2.34355429910614	-0.380851063829787	"group2"	"Dup"	"0"	"Dup-E185-2-Dup-E185"	"E185"
"ATTCTACTCTCGGTAA-1_4"	1.20922896674401	2.2708566596408	0.238297872340426	"group2"	"Dup"	"0"	"Dup-E185-2-Dup-E185"	"E185"
"ATTTACCTCATTATCC-1_4"	3.71019980719811	-2.70640261865662	-0.690425531914894	"group2"	"Dup"	"0"	"Dup-E185-2-Dup-E185"	"E185"
"CAACAGTCATTACGGT-1_4"	-0.893723036734996	-2.01352556444214	0.238297872340426	"group2"	"Dup"	"0"	"Dup-E185-2-Dup-E185"	"E185"
"CAACAGTTCAGCCCAG-1_4"	2.76836917212731	-1.63134070135163	0.238297872340426	"group2"	"Dup"	"0"	"Dup-E185-2-Dup-E185"	"E185"
"CAATCGACAATCGTCA-1_4"	2.17509028723961	3.72993258737518	0.547872340425532	"group2"	"Dup"	"0"	"Dup-E185-2-Dup-E185"	"E185"
"CACATGACAGCAAGAC-1_4"	1.95765254309899	2.57988957666351	1.16702127659574	"group2"	"Dup"	"0"	"Dup-E185-2-Dup-E185"	"E185"
"CACTGTCCAGAGTGTG-1_4"	2.59216544440514	-1.54380603529023	0.547872340425532	"group2"	"Dup"	"0"	"Dup-E185-2-Dup-E185"	"E185"
"CAGGTATAGCGTCTCG-1_4"	2.10825488379723	0.918532650699154	0.547872340425532	"group2"	"Dup"	"0"	"Dup-E185-2-Dup-E185"	"E185"
"CATCGCTAGGGTGAGG-1_4"	1.91375109961754	-1.04533835149811	-0.0712765957446808	"group2"	"Dup"	"0"	"Dup-E185-2-Dup-E185"	"E185"
"CATTGCCTCTCGACCT-1_4"	3.45383021643883	-2.1601347515683	0.238297872340426	"group2"	"Dup"	"0"	"Dup-E185-2-Dup-E185"	"E185"
"CCCTAACCAGTACTAC-1_4"	2.36572120002038	1.24144725107147	-0.0712765957446808	"group2"	"Dup"	"0"	"Dup-E185-2-Dup-E185"	"E185"
"CCGATCTCAGAGGAAA-1_4"	-11.3331122655558	-1.5397734234433	-0.380851063829787	"group2"	"Dup"	"1"	"Dup-E185-2-Dup-E185"	"E185"
"CCGGTAGAGCGTTAGG-1_4"	1.65107581427819	1.32192401193573	-0.0712765957446808	"group2"	"Dup"	"0"	"Dup-E185-2-Dup-E185"	"E185"
"CCTCACACATGTTCAG-1_4"	3.20832392981774	-3.19998439050721	1.16702127659574	"group2"	"Dup"	"0"	"Dup-E185-2-Dup-E185"	"E185"
"CCTCCTCGTTGTCCCT-1_4"	-10.6869068402933	-1.66947766042755	-0.380851063829787	"group2"	"Dup"	"1"	"Dup-E185-2-Dup-E185"	"E185"
"CCTCTAGTCCTCTTTC-1_4"	2.58599421790368	3.01778105997039	0.547872340425532	"group2"	"Dup"	"0"	"Dup-E185-2-Dup-E185"	"E185"
"CGAAGGACATCTTAGG-1_4"	3.33673236182457	-0.0353474209408606	0.238297872340426	"group2"	"Dup"	"0"	"Dup-E185-2-Dup-E185"	"E185"
"CGATGCGGTGCCTGCA-1_4"	1.66778037360436	4.86480168603851	0.547872340425532	"group2"	"Dup"	"0"	"Dup-E185-2-Dup-E185"	"E185"
"CGCATGGAGAGTCGAC-1_4"	-11.5954056043314	-1.7336918900113	-0.380851063829787	"group2"	"Dup"	"1"	"Dup-E185-2-Dup-E185"	"E185"
"CGGAATTTCCCTCGAT-1_4"	-10.7427749890971	-1.26824994779633	-0.380851063829787	"group2"	"Dup"	"1"	"Dup-E185-2-Dup-E185"	"E185"
"CGGACACTCGGTAGAG-1_4"	3.77199790290123	-1.02520104147004	0.547872340425532	"group2"	"Dup"	"0"	"Dup-E185-2-Dup-E185"	"E185"
"CGTCAAACAGTATTCG-1_4"	-10.6580806035685	-1.51348229147004	-0.690425531914894	"group2"	"Dup"	"1"	"Dup-E185-2-Dup-E185"	"E185"
"CGTCAAATCAGTGTGT-1_4"	1.22519395163781	2.98776845239593	0.857446808510638	"group2"	"Dup"	"0"	"Dup-E185-2-Dup-E185"	"E185"
"CGTGCTTTCGATGCAT-1_4"	-10.8652134198832	-1.59121103979157	-0.380851063829787	"group2"	"Dup"	"1"	"Dup-E185-2-Dup-E185"	"E185"
"CTGTAGACAGCCATTA-1_4"	3.37316272071129	-0.160571057568058	0.238297872340426	"group2"	"Dup"	"0"	"Dup-E185-2-Dup-E185"	"E185"
"GAACTGTAGTGCACAG-1_4"	1.41058108618981	1.24707679056121	0.547872340425532	"group2"	"Dup"	"0"	"Dup-E185-2-Dup-E185"	"E185"
"GACCTTCGTACGAAAT-1_4"	2.69569918921715	-3.66144259668396	0.857446808510638	"group2"	"Dup"	"0"	"Dup-E185-2-Dup-E185"	"E185"
"GAGGGTACAAGAGAGA-1_4"	-12.1806855458903	-2.29419346548127	-1	"group2"	"Dup"	"1"	"Dup-E185-2-Dup-E185"	"E185"
"GAGGGTACACTCACTC-1_4"	1.7270683985067	0.785369675387875	0.857446808510638	"group2"	"Dup"	"0"	"Dup-E185-2-Dup-E185"	"E185"
"GAGTGAGAGTATGATG-1_4"	2.87659213355309	-1.20648141599701	0.857446808510638	"group2"	"Dup"	"0"	"Dup-E185-2-Dup-E185"	"E185"
"GATCCCTGTCACCACG-1_4"	-11.0829901952433	-4.62558092571305	-0.0712765957446808	"group2"	"Dup"	"1"	"Dup-E185-2-Dup-E185"	"E185"
"GATGACTTCTGAACGT-1_4"	2.08979031852013	-2.62016375757264	0.238297872340426	"group2"	"Dup"	"0"	"Dup-E185-2-Dup-E185"	"E185"
"GATTGGTGTTGGGCCT-1_4"	2.52777287772423	-3.52587207056092	0.857446808510638	"group2"	"Dup"	"0"	"Dup-E185-2-Dup-E185"	"E185"
"GCCAGTGTCATTCCTA-1_4"	3.08055541327721	-1.38082595563935	0.547872340425532	"group2"	"Dup"	"0"	"Dup-E185-2-Dup-E185"	"E185"
"GCGTTTCCAAGAGTTA-1_4"	-10.926889922111	-1.15287967420624	-0.690425531914894	"group2"	"Dup"	"1"	"Dup-E185-2-Dup-E185"	"E185"
"GGGACAACAACTCGTA-1_4"	-6.74855091759437	-13.8603550980191	0.238297872340426	"group2"	"Dup"	"1"	"Dup-E185-2-Dup-E185"	"E185"
"GGTAACTTCGCTTGCT-1_4"	0.446881268532338	4.31195859216644	0.547872340425532	"group2"	"Dup"	"0"	"Dup-E185-2-Dup-E185"	"E185"
"GGTTGTACAGGTAGTG-1_4"	2.35727879813439	4.20136002801849	0.238297872340426	"group2"	"Dup"	"0"	"Dup-E185-2-Dup-E185"	"E185"
"GTCATTTCACATACTG-1_4"	1.96338555625206	5.04827908777191	0.238297872340426	"group2"	"Dup"	"0"	"Dup-E185-2-Dup-E185"	"E185"
"GTGAGCCTCCGGACGT-1_4"	1.31615063956505	0.65167741083099	-0.0712765957446808	"group2"	"Dup"	"0"	"Dup-E185-2-Dup-E185"	"E185"
"GTGGCGTAGTCAATCC-1_4"	2.3062133531881	2.17090443872406	0.238297872340426	"group2"	"Dup"	"0"	"Dup-E185-2-Dup-E185"	"E185"
"GTTGTGATCAAGCGTT-1_4"	4.31879470160729	-1.40919514394806	0.238297872340426	"group2"	"Dup"	"0"	"Dup-E185-2-Dup-E185"	"E185"
"TAACACGTCGACGTCG-1_4"	-11.0396719236063	-2.99240316844986	-0.380851063829787	"group2"	"Dup"	"1"	"Dup-E185-2-Dup-E185"	"E185"
"TATTGCTCACGGTGAA-1_4"	3.58441207221276	-2.6088230202298	0.238297872340426	"group2"	"Dup"	"0"	"Dup-E185-2-Dup-E185"	"E185"
"TCACACCTCCCATGGG-1_4"	3.42985675147301	-2.56823905206726	0.238297872340426	"group2"	"Dup"	"0"	"Dup-E185-2-Dup-E185"	"E185"
"TCACTATTCACGTAGT-1_4"	2.53370282462365	3.83481625818206	0.238297872340426	"group2"	"Dup"	"0"	"Dup-E185-2-Dup-E185"	"E185"
"TCATCCGAGCACTCAT-1_4"	2.10160729697472	2.99787453912689	0.238297872340426	"group2"	"Dup"	"0"	"Dup-E185-2-Dup-E185"	"E185"
"TCCACCAAGCGTTCCG-1_4"	4.10475585273034	-1.98060997224854	0.857446808510638	"group2"	"Dup"	"0"	"Dup-E185-2-Dup-E185"	"E185"
"TCCTCGACATTCACCC-1_4"	0.948010418922963	0.809487145175472	0.238297872340426	"group2"	"Dup"	"0"	"Dup-E185-2-Dup-E185"	"E185"
"TCGATTTCAGGACTAG-1_4"	1.18496844580895	-1.61311908460663	-0.0712765957446808	"group2"	"Dup"	"0"	"Dup-E185-2-Dup-E185"	"E185"
"TCGGATACACATATGC-1_4"	2.47216365149743	3.37115983270599	0.857446808510638	"group2"	"Dup"	"0"	"Dup-E185-2-Dup-E185"	"E185"
"TCGTGCTTCACCTGTC-1_4"	2.60830733588463	3.87244395517303	0.238297872340426	"group2"	"Dup"	"0"	"Dup-E185-2-Dup-E185"	"E185"
"TGAATCGAGCATTGAA-1_4"	1.11933228781945	3.82983283304168	0.547872340425532	"group2"	"Dup"	"0"	"Dup-E185-2-Dup-E185"	"E185"
"TGACTCCGTCCTGGGT-1_4"	2.9110455255819	3.23780373834564	-0.0712765957446808	"group2"	"Dup"	"0"	"Dup-E185-2-Dup-E185"	"E185"
"TGCGGGTAGAGCCTGA-1_4"	2.22629878333336	2.14168481134369	0.547872340425532	"group2"	"Dup"	"0"	"Dup-E185-2-Dup-E185"	"E185"
"TGGTAGTGTCTTCAAG-1_4"	3.00957915595299	-2.00603218771027	0.857446808510638	"group2"	"Dup"	"0"	"Dup-E185-2-Dup-E185"	"E185"
"TGTAGACAGACCACGA-1_4"	2.25002524665123	0.998538773288265	-0.0712765957446808	"group2"	"Dup"	"0"	"Dup-E185-2-Dup-E185"	"E185"
"TGTCCCACATGGCACC-1_4"	2.85778567603356	-3.1142711827855	0.547872340425532	"group2"	"Dup"	"0"	"Dup-E185-2-Dup-E185"	"E185"
"TGTTACTTCTCGCGTT-1_4"	1.88279149344689	-0.416484076748356	0.857446808510638	"group2"	"Dup"	"0"	"Dup-E185-2-Dup-E185"	"E185"
"TTACGCCCACGTAACT-1_4"	2.47144934943444	2.81893471979095	0.547872340425532	"group2"	"Dup"	"0"	"Dup-E185-2-Dup-E185"	"E185"
"TTGGGATCATAATCGC-1_4"	-0.990593935935435	-0.478485066662296	0.547872340425532	"group2"	"Dup"	"0"	"Dup-E185-2-Dup-E185"	"E185"
"TTGTTTGTCCCTCTTT-1_4"	-11.8312945623087	-2.81316169000672	-1	"group2"	"Dup"	"1"	"Dup-E185-2-Dup-E185"	"E185"
"AAACGAAAGTAAAGCT-1_5"	3.69549891761071	-3.62240402794884	0.236363636363637	"group1"	"WT"	"0"	"WT-E185-1-WT-E185"	"E185"
"AAAGTCCAGTGTAGTA-1_5"	2.1864943247152	0.242193978061215	0.236363636363637	"group1"	"WT"	"0"	"WT-E185-1-WT-E185"	"E185"
"AACAACCTCCATCTGC-1_5"	3.5664353113485	-3.61378710366295	0.236363636363637	"group1"	"WT"	"0"	"WT-E185-1-WT-E185"	"E185"
"AACGGGACATCCAATG-1_5"	2.8243117075277	-2.4187287876706	0.0818181818181818	"group1"	"WT"	"0"	"WT-E185-1-WT-E185"	"E185"
"AAGTCGTAGTCGTTAC-1_5"	2.91844317725426	-2.16909476018952	0.236363636363637	"group1"	"WT"	"0"	"WT-E185-1-WT-E185"	"E185"
"AATGAAGCAGCTGTCG-1_5"	0.828890297920766	2.35087851785614	-0.227272727272727	"group1"	"WT"	"0"	"WT-E185-1-WT-E185"	"E185"
"ACACAGTGTTCTCTCG-1_5"	2.82700583747155	3.27394370340301	-0.0727272727272726	"group1"	"WT"	"0"	"WT-E185-1-WT-E185"	"E185"
"ACGTAGTGTGGTCCCA-1_5"	3.27265212348229	-3.18814154363678	0.0818181818181818	"group1"	"WT"	"0"	"WT-E185-1-WT-E185"	"E185"
"ACTGTCCGTGGTTCTA-1_5"	1.21476027777916	5.12768010400726	-0.227272727272727	"group1"	"WT"	"0"	"WT-E185-1-WT-E185"	"E185"
"ACTTCGCTCTGTGTGA-1_5"	2.98504302314049	-3.70273179210232	0.236363636363637	"group1"	"WT"	"0"	"WT-E185-1-WT-E185"	"E185"
"AGCCAGCTCCATCTGC-1_5"	3.29989859870202	-3.58485539651917	0.390909090909091	"group1"	"WT"	"0"	"WT-E185-1-WT-E185"	"E185"
"AGGAATACATACAGAA-1_5"	0.736784909279408	4.51009492181732	-0.0727272727272726	"group1"	"WT"	"0"	"WT-E185-1-WT-E185"	"E185"
"AGGACGAAGTTGCTCA-1_5"	4.22428557685143	-2.0350617954831	-0.0727272727272726	"group1"	"WT"	"0"	"WT-E185-1-WT-E185"	"E185"
"AGGTAGGGTGCCTTTC-1_5"	-11.4660516042399	-1.64667888380097	0.0818181818181818	"group1"	"WT"	"1"	"WT-E185-1-WT-E185"	"E185"
"AGTACCAGTGAGATAT-1_5"	2.30659577658898	5.12933472894622	0.236363636363637	"group1"	"WT"	"0"	"WT-E185-1-WT-E185"	"E185"
"AGTTAGCCAACTGGTT-1_5"	2.28929278662926	-1.68338819242524	0.236363636363637	"group1"	"WT"	"0"	"WT-E185-1-WT-E185"	"E185"
"ATCAGGTTCAAGTCTG-1_5"	0.821117852242055	3.85259322427703	0.390909090909091	"group1"	"WT"	"0"	"WT-E185-1-WT-E185"	"E185"
"ATGATCGCAGCAGAAC-1_5"	2.34230134299523	4.7940876891513	-0.227272727272727	"group1"	"WT"	"0"	"WT-E185-1-WT-E185"	"E185"
"ATGATCGTCTCCTGCA-1_5"	2.72784182837731	0.82778767847015	0.390909090909091	"group1"	"WT"	"0"	"WT-E185-1-WT-E185"	"E185"
"ATGTCCCCAAAGTATG-1_5"	1.3728260736776	4.5929215361972	0.0818181818181818	"group1"	"WT"	"0"	"WT-E185-1-WT-E185"	"E185"
"ATTGGGTTCACGGTCG-1_5"	4.1778216104818	-2.12859149671601	-0.0727272727272726	"group1"	"WT"	"0"	"WT-E185-1-WT-E185"	"E185"
"CAAGAGGCACAGTACT-1_5"	-10.6891985196757	-1.15857668615387	0.0818181818181818	"group1"	"WT"	"1"	"WT-E185-1-WT-E185"	"E185"
"CACATGATCTATTTCG-1_5"	-11.6332025785136	-1.61717863775299	-0.227272727272727	"group1"	"WT"	"1"	"WT-E185-1-WT-E185"	"E185"
"CATTGTTCAGCGAGTA-1_5"	3.99905059149987	-2.56225915647553	0.236363636363637	"group1"	"WT"	"0"	"WT-E185-1-WT-E185"	"E185"
"CCATCACAGTACTCGT-1_5"	-11.8524737615275	-1.95691831804322	-0.0727272727272726	"group1"	"WT"	"1"	"WT-E185-1-WT-E185"	"E185"
"CGAATTGGTGTGCTTA-1_5"	0.056800816567006	4.53749207757904	0.0818181818181818	"group1"	"WT"	"0"	"WT-E185-1-WT-E185"	"E185"
"CGAGGAACAATGAACA-1_5"	-6.95530488678688	-13.8358885834317	0.236363636363637	"group1"	"WT"	"0"	"WT-E185-1-WT-E185"	"E185"
"CGAGGAACACCAATTG-1_5"	2.05364796927697	0.90857962869598	0.0818181818181818	"group1"	"WT"	"0"	"WT-E185-1-WT-E185"	"E185"
"CGCCAGAGTCCACTTC-1_5"	1.02965638449913	4.11093453668548	0.390909090909091	"group1"	"WT"	"0"	"WT-E185-1-WT-E185"	"E185"
"CGGAACCCAAGGCTTT-1_5"	2.64366957953698	4.33704118036224	-0.227272727272727	"group1"	"WT"	"0"	"WT-E185-1-WT-E185"	"E185"
"CGGGACTCAATTCGTG-1_5"	3.17566630652672	-3.3188501188855	0.390909090909091	"group1"	"WT"	"0"	"WT-E185-1-WT-E185"	"E185"
"CGTAATGAGCGCCTTG-1_5"	3.20223376563317	-0.718807656536564	0.236363636363637	"group1"	"WT"	"0"	"WT-E185-1-WT-E185"	"E185"
"CGTCAAAAGACAGCGT-1_5"	2.25893113425499	-3.02728392578171	0.0818181818181818	"group1"	"WT"	"0"	"WT-E185-1-WT-E185"	"E185"
"CGTGAATTCGGTGTAT-1_5"	-1.26953509041542	-2.05781050420807	0.0818181818181818	"group1"	"WT"	"0"	"WT-E185-1-WT-E185"	"E185"
"CTAAGTGTCGTTATCT-1_5"	1.50495383551842	4.73391370080902	0.236363636363637	"group1"	"WT"	"0"	"WT-E185-1-WT-E185"	"E185"
"CTATAGGCATAAGATG-1_5"	4.16009661963707	-2.25606675840424	0.0818181818181818	"group1"	"WT"	"0"	"WT-E185-1-WT-E185"	"E185"
"CTATCTACACAATTCG-1_5"	-11.4628396291422	-4.14390913046406	-0.0727272727272726	"group1"	"WT"	"1"	"WT-E185-1-WT-E185"	"E185"
"CTGAGGCTCGAGCCTG-1_5"	1.65356538108117	3.74386052392913	0.0818181818181818	"group1"	"WT"	"0"	"WT-E185-1-WT-E185"	"E185"
"CTGATCCCACTGTTCC-1_5"	1.27075431159264	4.27942208551361	0.0818181818181818	"group1"	"WT"	"0"	"WT-E185-1-WT-E185"	"E185"
"CTGCCTACATACTGAC-1_5"	3.14553401282555	-3.25504167772339	0.545454545454546	"group1"	"WT"	"0"	"WT-E185-1-WT-E185"	"E185"
"CTGCCTACATGCGTGC-1_5"	3.24147651007897	-1.80331631399201	0.0818181818181818	"group1"	"WT"	"0"	"WT-E185-1-WT-E185"	"E185"
"CTGCTCACACAGCGCT-1_5"	2.52454755118615	-1.02868529058503	0.0818181818181818	"group1"	"WT"	"0"	"WT-E185-1-WT-E185"	"E185"
"CTGTATTCAATGTTGC-1_5"	-11.9186244268107	-2.5341456720929	-0.381818181818182	"group1"	"WT"	"1"	"WT-E185-1-WT-E185"	"E185"
"CTGTGAAAGCACTCAT-1_5"	-10.5534410733866	-1.29652925230072	0.0818181818181818	"group1"	"WT"	"1"	"WT-E185-1-WT-E185"	"E185"
"CTGTGGGTCCAGCCTT-1_5"	-11.0930099744486	-4.99340458608673	-0.381818181818182	"group1"	"WT"	"1"	"WT-E185-1-WT-E185"	"E185"
"CTTGATTCATGCCGAC-1_5"	1.11130711844689	3.19700316690399	0.0818181818181818	"group1"	"WT"	"0"	"WT-E185-1-WT-E185"	"E185"
"GAAGAATAGCACCAGA-1_5"	3.96341559699303	-1.41731472707795	-0.227272727272727	"group1"	"WT"	"0"	"WT-E185-1-WT-E185"	"E185"
"GAAGTAAGTGGAACCA-1_5"	2.97023532202965	-2.8477066347699	0.545454545454546	"group1"	"WT"	"0"	"WT-E185-1-WT-E185"	"E185"
"GAATCACAGAGTCAAT-1_5"	1.08984324744469	4.36869363092376	0.236363636363637	"group1"	"WT"	"0"	"WT-E185-1-WT-E185"	"E185"
"GACAGCCAGAAGAGCA-1_5"	2.64339587500817	-1.15283508993195	0.236363636363637	"group1"	"WT"	"0"	"WT-E185-1-WT-E185"	"E185"
"GACGTTACACTCTCGT-1_5"	2.74602172187096	-2.54923864103363	0.236363636363637	"group1"	"WT"	"0"	"WT-E185-1-WT-E185"	"E185"
"GATCATGAGTATAGGT-1_5"	2.69270465186364	3.34501675867035	0.390909090909091	"group1"	"WT"	"0"	"WT-E185-1-WT-E185"	"E185"
"GATCCCTGTATCCTTT-1_5"	2.08747384360558	2.00488213800384	0.0818181818181818	"group1"	"WT"	"0"	"WT-E185-1-WT-E185"	"E185"
"GATGGAGAGTCCCAGC-1_5"	3.32994506171471	-0.428418595562443	-0.227272727272727	"group1"	"WT"	"0"	"WT-E185-1-WT-E185"	"E185"
"GATTGGTTCTGTGCTC-1_5"	2.84754988959557	3.88869647287323	-0.227272727272727	"group1"	"WT"	"0"	"WT-E185-1-WT-E185"	"E185"
"GCCAGCAGTTCTCGTC-1_5"	2.22853085807091	-2.88317950464295	0.390909090909091	"group1"	"WT"	"0"	"WT-E185-1-WT-E185"	"E185"
"GCCTGTTTCATCCTAT-1_5"	1.33645198157555	1.12412528299286	-0.0727272727272726	"group1"	"WT"	"0"	"WT-E185-1-WT-E185"	"E185"
"GCTTTCGTCATTTGGG-1_5"	-12.6075797338175	-2.22995408273743	-0.381818181818182	"group1"	"WT"	"1"	"WT-E185-1-WT-E185"	"E185"
"GGACGTCAGTACAACA-1_5"	2.51862428000695	-2.14659794069336	0.545454545454546	"group1"	"WT"	"0"	"WT-E185-1-WT-E185"	"E185"
"GGAGGTATCTTTGCAT-1_5"	2.26621148398644	-3.22620536781357	0.0818181818181818	"group1"	"WT"	"0"	"WT-E185-1-WT-E185"	"E185"
"GGGTATTTCGAACCTA-1_5"	-11.8282079953837	-2.61668773389862	-0.227272727272727	"group1"	"WT"	"1"	"WT-E185-1-WT-E185"	"E185"
"GTACAGTAGCCTGACC-1_5"	0.740693066628041	4.21220711969329	0.0818181818181818	"group1"	"WT"	"0"	"WT-E185-1-WT-E185"	"E185"
"GTAGTACGTAGACAGC-1_5"	1.96070287040001	4.95535592340423	-0.381818181818182	"group1"	"WT"	"0"	"WT-E185-1-WT-E185"	"E185"
"GTCATCCTCGTAGCCG-1_5"	0.919556592018666	4.29790906213714	-0.0727272727272726	"group1"	"WT"	"0"	"WT-E185-1-WT-E185"	"E185"
"GTCCTCAAGTCATTGC-1_5"	1.92169472983605	-1.87182398534821	0.390909090909091	"group1"	"WT"	"0"	"WT-E185-1-WT-E185"	"E185"
"GTGGAAGGTAAGTTAG-1_5"	1.83897063544518	-0.935852010021671	0.0818181818181818	"group1"	"WT"	"0"	"WT-E185-1-WT-E185"	"E185"
"GTGGGAAGTAATACCC-1_5"	-10.9805026311564	-1.70113416410492	-0.0727272727272726	"group1"	"WT"	"1"	"WT-E185-1-WT-E185"	"E185"
"GTGTCCTAGTCAGCCC-1_5"	2.8816847544027	1.41250590585662	0.390909090909091	"group1"	"WT"	"0"	"WT-E185-1-WT-E185"	"E185"
"GTTACAGTCGTAGAGG-1_5"	1.06007525733239	4.02342061304046	-0.227272727272727	"group1"	"WT"	"0"	"WT-E185-1-WT-E185"	"E185"
"GTTACCCGTCCAACGC-1_5"	2.19734332373864	4.87553529046966	0.236363636363637	"group1"	"WT"	"0"	"WT-E185-1-WT-E185"	"E185"
"GTTATGGGTGGCTCTG-1_5"	-12.2594418782877	-2.46999879575776	-0.227272727272727	"group1"	"WT"	"1"	"WT-E185-1-WT-E185"	"E185"
"GTTCTATTCTAATTCC-1_5"	0.968388531715932	5.38869027399017	-0.0727272727272726	"group1"	"WT"	"0"	"WT-E185-1-WT-E185"	"E185"
"TAAGTCGGTACGGGAT-1_5"	0.614210103066029	4.63235787652923	0.390909090909091	"group1"	"WT"	"0"	"WT-E185-1-WT-E185"	"E185"
"TAGGGTTAGTTGGCGA-1_5"	1.60357425025231	4.08401517175628	0.0818181818181818	"group1"	"WT"	"0"	"WT-E185-1-WT-E185"	"E185"
"TAGTGCATCAGGGATG-1_5"	0.990843270332875	3.44578151010467	-0.0727272727272726	"group1"	"WT"	"0"	"WT-E185-1-WT-E185"	"E185"
"TATTCCAAGTTGGACG-1_5"	2.11522719672448	3.37272767328216	0.390909090909091	"group1"	"WT"	"0"	"WT-E185-1-WT-E185"	"E185"
"TATTTCGTCATAGAGA-1_5"	3.28323504737145	-1.46609039999054	0.236363636363637	"group1"	"WT"	"0"	"WT-E185-1-WT-E185"	"E185"
"TCAAGCACAAACTCTG-1_5"	1.89803120902306	4.97593335412933	-0.0727272727272726	"group1"	"WT"	"0"	"WT-E185-1-WT-E185"	"E185"
"TCAAGCAGTACTCGAT-1_5"	2.54472873023278	0.367324154605404	0.0818181818181818	"group1"	"WT"	"0"	"WT-E185-1-WT-E185"	"E185"
"TCACACCCAACACGTT-1_5"	1.71374318412072	5.02377633356048	0.236363636363637	"group1"	"WT"	"0"	"WT-E185-1-WT-E185"	"E185"
"TCATTTGAGGCGTCCT-1_5"	3.18823764136559	0.193466465701595	-0.227272727272727	"group1"	"WT"	"0"	"WT-E185-1-WT-E185"	"E185"
"TCCATCGGTTCGGTAT-1_5"	-1.21578409859413	-2.20426448083924	0.0818181818181818	"group1"	"WT"	"0"	"WT-E185-1-WT-E185"	"E185"
"TCCATGCGTCTAACGT-1_5"	3.08529135993248	-1.66026921964692	0.0818181818181818	"group1"	"WT"	"0"	"WT-E185-1-WT-E185"	"E185"
"TCCGGGAAGAGGATCC-1_5"	0.38356063178307	4.84679536127044	0.236363636363637	"group1"	"WT"	"0"	"WT-E185-1-WT-E185"	"E185"
"TCCTCGATCGGCCAAC-1_5"	-10.9363045949625	-1.40561385847138	0.0818181818181818	"group1"	"WT"	"1"	"WT-E185-1-WT-E185"	"E185"
"TCGCAGGTCTCGCCTA-1_5"	-0.127940680472789	5.0937350203891	0.236363636363637	"group1"	"WT"	"0"	"WT-E185-1-WT-E185"	"E185"
"TCGGGCACACTTCATT-1_5"	-12.4451284665751	-2.2462639401059	-0.536363636363636	"group1"	"WT"	"1"	"WT-E185-1-WT-E185"	"E185"
"TCTAACTCAAATACAG-1_5"	2.19123599341637	3.43065718912078	0.0818181818181818	"group1"	"WT"	"0"	"WT-E185-1-WT-E185"	"E185"
"TGAGACTTCATCTACT-1_5"	3.08555743506676	-1.12395807004975	-0.0727272727272726	"group1"	"WT"	"0"	"WT-E185-1-WT-E185"	"E185"
"TGAGCGCCATTGCTTT-1_5"	0.265517685921254	3.40140513681366	-0.0727272727272726	"group1"	"WT"	"0"	"WT-E185-1-WT-E185"	"E185"
"TGCTTGCCAAACCACT-1_5"	-10.9029102582621	-1.35892482496308	0.0818181818181818	"group1"	"WT"	"1"	"WT-E185-1-WT-E185"	"E185"
"TGGCGTGGTATACAGA-1_5"	2.74961993506676	3.48195485376312	0.0818181818181818	"group1"	"WT"	"0"	"WT-E185-1-WT-E185"	"E185"
"TGTAACGTCATTACGG-1_5"	3.07372710517174	-0.521870810757145	0.0818181818181818	"group1"	"WT"	"0"	"WT-E185-1-WT-E185"	"E185"
"TGTACAGCACTACAGT-1_5"	2.39712807944542	-1.25864501691864	0.0818181818181818	"group1"	"WT"	"0"	"WT-E185-1-WT-E185"	"E185"
"TGTCCCAGTAACAGTA-1_5"	4.23582980445153	-2.73890968061493	0.0818181818181818	"group1"	"WT"	"0"	"WT-E185-1-WT-E185"	"E185"
"TGTGGCGTCACCTTGC-1_5"	-10.8271971006083	-1.28441067434357	0.0818181818181818	"group1"	"WT"	"1"	"WT-E185-1-WT-E185"	"E185"
"TTAGGCAGTCACTCGG-1_5"	1.57246300986535	-1.98568268514679	0.390909090909091	"group1"	"WT"	"0"	"WT-E185-1-WT-E185"	"E185"
"TTCCACGCACCCTATC-1_5"	-10.9584660787272	-1.38500710226105	0.0818181818181818	"group1"	"WT"	"1"	"WT-E185-1-WT-E185"	"E185"
"TTCCTCTCACGATTCA-1_5"	0.123065922768178	3.82635716699554	-0.227272727272727	"group1"	"WT"	"0"	"WT-E185-1-WT-E185"	"E185"
"TTGAGTGAGTTGCGCC-1_5"	2.89191863349205	-3.09437312580155	0.390909090909091	"group1"	"WT"	"0"	"WT-E185-1-WT-E185"	"E185"
"TTGGGCGGTAATGCTC-1_5"	2.727690194161	2.85357550882293	-0.0727272727272726	"group1"	"WT"	"0"	"WT-E185-1-WT-E185"	"E185"
"AAAGGATCAACGGCCT-1_6"	2.97788951209313	1.2593787124057	0.416477272727273	"group1"	"WT"	"0"	"WT-E185-2-WT-E185"	"E185"
"AAAGTCCAGGCATCGA-1_6"	1.21866795829064	2.85106877588226	0.416477272727273	"group1"	"WT"	"0"	"WT-E185-2-WT-E185"	"E185"
"AACAAGAGTTACTCAG-1_6"	1.37743565848595	3.37015990518524	0.416477272727273	"group1"	"WT"	"0"	"WT-E185-2-WT-E185"	"E185"
"AAGACTCTCGATAACC-1_6"	-1.15769865700477	-2.12786098218964	0.101704545454546	"group1"	"WT"	"0"	"WT-E185-2-WT-E185"	"E185"
"AAGCGAGAGATCGCCC-1_6"	-11.1001420278239	-4.76453437305497	0.101704545454546	"group1"	"WT"	"1"	"WT-E185-2-WT-E185"	"E185"
"ACAAGCTGTAGAATAC-1_6"	3.46279475501305	-1.58786102033661	0.416477272727273	"group1"	"WT"	"0"	"WT-E185-2-WT-E185"	"E185"
"ACAGGGAAGTCATGAA-1_6"	-12.5516004819559	-2.14051123357819	-0.370454545454545	"group1"	"WT"	"1"	"WT-E185-2-WT-E185"	"E185"
"ACATTTCCAAATCCCA-1_6"	2.3575787287069	2.89959220193817	-0.0556818181818181	"group1"	"WT"	"0"	"WT-E185-2-WT-E185"	"E185"
"ACCCAAAGTTTCGCTC-1_6"	4.15804717353112	-2.05024607873963	-0.0556818181818181	"group1"	"WT"	"0"	"WT-E185-2-WT-E185"	"E185"
"ACGATGTTCCGCGGAT-1_6"	2.06544349005944	1.55618743204071	0.259090909090909	"group1"	"WT"	"0"	"WT-E185-2-WT-E185"	"E185"
"ACGCACGGTACTAAGA-1_6"	1.90661475470788	3.12803057931854	0.416477272727273	"group1"	"WT"	"0"	"WT-E185-2-WT-E185"	"E185"
"ACTGCAATCAGTGTTG-1_6"	1.77969405463463	2.86725930475189	0.416477272727273	"group1"	"WT"	"0"	"WT-E185-2-WT-E185"	"E185"
"ACTGTGAAGTCACACT-1_6"	1.40751216223961	2.11113099359466	0.259090909090909	"group1"	"WT"	"0"	"WT-E185-2-WT-E185"	"E185"
"AGACACTGTCACGCTG-1_6"	3.77786395362145	-2.66358478761719	0.259090909090909	"group1"	"WT"	"0"	"WT-E185-2-WT-E185"	"E185"
"AGATGCTGTCGTCTCT-1_6"	3.6872095804525	-2.3763863632779	0.101704545454546	"group1"	"WT"	"0"	"WT-E185-2-WT-E185"	"E185"
"AGGACGATCGAATCCA-1_6"	0.381471131355824	3.47502354883148	0.416477272727273	"group1"	"WT"	"0"	"WT-E185-2-WT-E185"	"E185"
"AGGACTTAGTCCTGTA-1_6"	-11.2475748319315	-4.92967327333496	-0.0556818181818181	"group1"	"WT"	"1"	"WT-E185-2-WT-E185"	"E185"
"AGGGAGTAGTATGAGT-1_6"	3.61611316016442	-1.2722489426236	0.259090909090909	"group1"	"WT"	"0"	"WT-E185-2-WT-E185"	"E185"
"AGTCACATCCAAAGGG-1_6"	2.0314216356588	-3.21034630037354	0.416477272727273	"group1"	"WT"	"0"	"WT-E185-2-WT-E185"	"E185"
"AGTGTTGGTATCACCA-1_6"	3.41376063636071	-0.218850095043644	0.101704545454546	"group1"	"WT"	"0"	"WT-E185-2-WT-E185"	"E185"
"AGTTCCCCAACTCGTA-1_6"	1.51196238806969	0.411536495913998	-0.213068181818182	"group1"	"WT"	"0"	"WT-E185-2-WT-E185"	"E185"
"ATCACGAAGGAGTCTG-1_6"	0.693894360573354	3.38434056543304	0.259090909090909	"group1"	"WT"	"0"	"WT-E185-2-WT-E185"	"E185"
"ATCCCTGCACCCTATC-1_6"	-11.0156502980875	-1.34995098806427	-0.213068181818182	"group1"	"WT"	"1"	"WT-E185-2-WT-E185"	"E185"
"ATCGTCCCAGCTGTAT-1_6"	3.73361441901452	-1.70013972021149	-0.213068181818182	"group1"	"WT"	"0"	"WT-E185-2-WT-E185"	"E185"
"ATCTCTAGTGGACTGA-1_6"	1.10084388068444	2.89430360101654	0.416477272727273	"group1"	"WT"	"0"	"WT-E185-2-WT-E185"	"E185"
"ATGAGTCGTCGTCAGC-1_6"	-12.4291191358256	-2.25562747217224	-0.370454545454545	"group1"	"WT"	"1"	"WT-E185-2-WT-E185"	"E185"
"ATGGATCGTTCTTGCC-1_6"	-6.68589296528572	-13.8241631577115	0.101704545454546	"group1"	"WT"	"1"	"WT-E185-2-WT-E185"	"E185"
"ATTATCCTCGAGAACG-1_6"	0.282465432198109	4.07443169855072	0.259090909090909	"group1"	"WT"	"0"	"WT-E185-2-WT-E185"	"E185"
"ATTCAGGTCTGGCCAG-1_6"	1.02659079840905	2.23946790002777	0.416477272727273	"group1"	"WT"	"0"	"WT-E185-2-WT-E185"	"E185"
"ATTCCCGCAGCGTGAA-1_6"	1.0770725946737	4.50117425226165	0.573863636363636	"group1"	"WT"	"0"	"WT-E185-2-WT-E185"	"E185"
"CAAAGAACACTCACTC-1_6"	2.39343974402672	-1.9329961130719	0.259090909090909	"group1"	"WT"	"0"	"WT-E185-2-WT-E185"	"E185"
"CAAAGAAGTTCCACAA-1_6"	0.534609292061391	4.0979321410556	0.259090909090909	"group1"	"WT"	"0"	"WT-E185-2-WT-E185"	"E185"
"CACATGAGTAGATCGG-1_6"	-11.2573604840922	-4.62227984167145	0.101704545454546	"group1"	"WT"	"1"	"WT-E185-2-WT-E185"	"E185"
"CACCGTTCAGCTGAGA-1_6"	1.90861031821496	4.50687722467376	0.101704545454546	"group1"	"WT"	"0"	"WT-E185-2-WT-E185"	"E185"
"CACGAATGTCGGAACA-1_6"	2.09849784186608	4.62933091424896	0.101704545454546	"group1"	"WT"	"0"	"WT-E185-2-WT-E185"	"E185"
"CACGGGTAGTTGCATC-1_6"	1.45844313910729	4.51648644708587	0.101704545454546	"group1"	"WT"	"0"	"WT-E185-2-WT-E185"	"E185"
"CACGTTCAGGTTCACT-1_6"	2.2391271334005	5.06189278863861	-0.0556818181818181	"group1"	"WT"	"0"	"WT-E185-2-WT-E185"	"E185"
"CATCGCTTCCTTTAGT-1_6"	3.45425364783532	-1.56323857999848	0.416477272727273	"group1"	"WT"	"0"	"WT-E185-2-WT-E185"	"E185"
"CCATAAGAGTAATTGG-1_6"	-6.59031536766761	-13.7294747421841	0.101704545454546	"group1"	"WT"	"0"	"WT-E185-2-WT-E185"	"E185"
"CCCGGAAAGTGCCGAA-1_6"	-11.7682910222697	-2.90688820577668	-0.213068181818182	"group1"	"WT"	"1"	"WT-E185-2-WT-E185"	"E185"
"CCGGTGAGTATCAGGG-1_6"	2.56168219855553	3.03421859048797	0.259090909090909	"group1"	"WT"	"0"	"WT-E185-2-WT-E185"	"E185"
"CCTCATGTCGTCTAAG-1_6"	2.0224466066671	4.52380589746429	0.259090909090909	"group1"	"WT"	"0"	"WT-E185-2-WT-E185"	"E185"
"CGAAGTTGTGTTGAGG-1_6"	2.40336892417199	4.7604077269931	0.101704545454546	"group1"	"WT"	"0"	"WT-E185-2-WT-E185"	"E185"
"CGCATGGTCACGGACC-1_6"	-11.7809620160746	-2.72154732442902	-0.370454545454545	"group1"	"WT"	"1"	"WT-E185-2-WT-E185"	"E185"
"CGGTCAGAGACTCTAC-1_6"	3.47761294654137	-0.652796942959293	0.416477272727273	"group1"	"WT"	"0"	"WT-E185-2-WT-E185"	"E185"
"CGTAGTACAACGAGGT-1_6"	2.27290723136193	3.41628293298675	0.416477272727273	"group1"	"WT"	"0"	"WT-E185-2-WT-E185"	"E185"
"CGTCAAATCCAGCAAT-1_6"	2.077863190682	4.73767403863861	0.259090909090909	"group1"	"WT"	"0"	"WT-E185-2-WT-E185"	"E185"
"CTACCTGCAAGTGCTT-1_6"	1.03862187674767	2.05630568765594	0.259090909090909	"group1"	"WT"	"0"	"WT-E185-2-WT-E185"	"E185"
"CTCCTTTGTGTTAAAG-1_6"	0.655361149818959	3.0522606780429	0.259090909090909	"group1"	"WT"	"0"	"WT-E185-2-WT-E185"	"E185"
"CTTGAGAAGCATGAAT-1_6"	2.20055529883629	-2.17343505121277	0.101704545454546	"group1"	"WT"	"0"	"WT-E185-2-WT-E185"	"E185"
"GAACGTTCATCCGGCA-1_6"	3.23166320136315	-2.89801510072754	0.259090909090909	"group1"	"WT"	"0"	"WT-E185-2-WT-E185"	"E185"
"GAATCGTCACGTAGTT-1_6"	1.0468892793966	2.91820506357147	0.416477272727273	"group1"	"WT"	"0"	"WT-E185-2-WT-E185"	"E185"
"GAGACCCAGGCCACTC-1_6"	-10.9738745946574	-1.84253211713837	-0.213068181818182	"group1"	"WT"	"1"	"WT-E185-2-WT-E185"	"E185"
"GAGAGGTAGCACACCC-1_6"	-12.1565094251322	-1.82236190534638	-0.370454545454545	"group1"	"WT"	"1"	"WT-E185-2-WT-E185"	"E185"
"GATTCTTAGTGAGTTA-1_6"	0.892804120094838	3.45755509637786	0.573863636363636	"group1"	"WT"	"0"	"WT-E185-2-WT-E185"	"E185"
"GCCGATGCACCCTGTT-1_6"	2.41834304145104	2.90557173990203	0.259090909090909	"group1"	"WT"	"0"	"WT-E185-2-WT-E185"	"E185"
"GCCGATGTCCAGCTCT-1_6"	-11.1321463842081	-2.13461061216401	-0.527840909090909	"group1"	"WT"	"1"	"WT-E185-2-WT-E185"	"E185"
"GGATGTTGTAATGTGA-1_6"	2.51279923728234	2.50468806528045	0.416477272727273	"group1"	"WT"	"0"	"WT-E185-2-WT-E185"	"E185"
"GGGATGAAGTATGAGT-1_6"	-11.4462747831034	-1.98450239397095	-0.213068181818182	"group1"	"WT"	"1"	"WT-E185-2-WT-E185"	"E185"
"GGGTAGATCCGTACGG-1_6"	3.21978518775231	-1.46547909475373	0.259090909090909	"group1"	"WT"	"0"	"WT-E185-2-WT-E185"	"E185"
"GGGTGTCGTAGTCTTG-1_6"	2.36119220069176	4.04285601877166	0.573863636363636	"group1"	"WT"	"0"	"WT-E185-2-WT-E185"	"E185"
"GGGTGTCGTCTTCGAA-1_6"	-11.1675606031107	-1.85654564596222	-0.0556818181818181	"group1"	"WT"	"1"	"WT-E185-2-WT-E185"	"E185"
"GGTTCTCTCAAACTGC-1_6"	3.61524722388512	-3.19978817201661	-0.0556818181818181	"group1"	"WT"	"0"	"WT-E185-2-WT-E185"	"E185"
"GTAATCGTCGTAGGGA-1_6"	3.16495272925621	1.27618960641815	0.259090909090909	"group1"	"WT"	"0"	"WT-E185-2-WT-E185"	"E185"
"GTAGAGGGTACTGGGA-1_6"	-11.7716632146525	-2.85798164106415	-0.0556818181818181	"group1"	"WT"	"1"	"WT-E185-2-WT-E185"	"E185"
"GTAGATCCAGTTACCA-1_6"	2.67587802222496	-0.0969302246670569	0.259090909090909	"group1"	"WT"	"0"	"WT-E185-2-WT-E185"	"E185"
"GTAGCTATCTGCGTCT-1_6"	2.3822836618734	4.00933436654998	0.259090909090909	"group1"	"WT"	"0"	"WT-E185-2-WT-E185"	"E185"
"GTATTTCCAGCCTATA-1_6"	1.51251885703331	1.67207078241302	0.259090909090909	"group1"	"WT"	"0"	"WT-E185-2-WT-E185"	"E185"
"GTCATCCAGAGCTGAC-1_6"	3.85520884803063	-0.735433299313053	0.259090909090909	"group1"	"WT"	"0"	"WT-E185-2-WT-E185"	"E185"
"GTCATTTAGTGTAGAT-1_6"	0.583728764565053	2.96633080743744	0.416477272727273	"group1"	"WT"	"0"	"WT-E185-2-WT-E185"	"E185"
"GTCATTTCATGTGACT-1_6"	4.26635978034264	-1.76477833486603	0.259090909090909	"group1"	"WT"	"0"	"WT-E185-2-WT-E185"	"E185"
"GTGTAACTCGGTCTAA-1_6"	2.79175612738854	-2.61565347410248	0.101704545454546	"group1"	"WT"	"0"	"WT-E185-2-WT-E185"	"E185"
"GTTAGACAGCACGGAT-1_6"	2.04463527014977	2.67907885812713	0.573863636363636	"group1"	"WT"	"0"	"WT-E185-2-WT-E185"	"E185"
"GTTCCGTTCGGATTAC-1_6"	1.18280217459923	4.00612429880096	0.259090909090909	"group1"	"WT"	"0"	"WT-E185-2-WT-E185"	"E185"
"TATTTCGCACAGAAGC-1_6"	-6.68459739872688	-13.6659600327115	0.416477272727273	"group1"	"WT"	"1"	"WT-E185-2-WT-E185"	"E185"
"TCAATTCTCCGTGCGA-1_6"	-10.9953794736552	-2.07575102544831	-0.370454545454545	"group1"	"WT"	"1"	"WT-E185-2-WT-E185"	"E185"
"TCATATCCACGAAAGC-1_6"	2.91247603705651	-0.960038621197208	0.259090909090909	"group1"	"WT"	"0"	"WT-E185-2-WT-E185"	"E185"
"TCATGAGTCGATACGT-1_6"	3.06332061103112	0.832495968570248	0.416477272727273	"group1"	"WT"	"0"	"WT-E185-2-WT-E185"	"E185"
"TCCAGAATCATTGGTG-1_6"	1.91308018973595	1.4207647254367	0.573863636363636	"group1"	"WT"	"0"	"WT-E185-2-WT-E185"	"E185"
"TCCGATCAGGATGAGA-1_6"	2.10382363608605	2.07138375543548	0.416477272727273	"group1"	"WT"	"0"	"WT-E185-2-WT-E185"	"E185"
"TCCGGGAGTCGATTTG-1_6"	2.78620192816979	-1.96847553945588	0.416477272727273	"group1"	"WT"	"0"	"WT-E185-2-WT-E185"	"E185"
"TCCTCCCCATGTAACC-1_6"	1.71156928351647	1.77304391168548	0.259090909090909	"group1"	"WT"	"0"	"WT-E185-2-WT-E185"	"E185"
"TCCTCCCGTTCATCGA-1_6"	4.11322638800866	-1.63012333608673	0.101704545454546	"group1"	"WT"	"0"	"WT-E185-2-WT-E185"	"E185"
"TCTTAGTCACTTTATC-1_6"	3.20607707312829	-2.42958470083283	-0.0556818181818181	"group1"	"WT"	"0"	"WT-E185-2-WT-E185"	"E185"
"TCTTGCGCATACATCG-1_6"	2.07511756232506	5.30704812311126	0.101704545454546	"group1"	"WT"	"0"	"WT-E185-2-WT-E185"	"E185"
"TGATTTCTCGAATGCT-1_6"	1.85361478141076	3.66831187509491	0.416477272727273	"group1"	"WT"	"0"	"WT-E185-2-WT-E185"	"E185"
"TGCAGATGTCGTACTA-1_6"	1.74325654319054	-0.562892157803043	0.101704545454546	"group1"	"WT"	"0"	"WT-E185-2-WT-E185"	"E185"
"TGGGATTTCGACCATA-1_6"	3.9951462488485	-2.50608273244904	0.259090909090909	"group1"	"WT"	"0"	"WT-E185-2-WT-E185"	"E185"
"TGGGTTATCTACGCGG-1_6"	-11.335879828422	-2.074915964375	-0.370454545454545	"group1"	"WT"	"1"	"WT-E185-2-WT-E185"	"E185"
"TGTCCTGGTGTTCCAA-1_6"	2.50619838050133	-3.16254170633362	0.101704545454546	"group1"	"WT"	"0"	"WT-E185-2-WT-E185"	"E185"
"TGTTTGTGTTAAAGTG-1_6"	3.12581298163659	-2.48004837728547	0.573863636363636	"group1"	"WT"	"0"	"WT-E185-2-WT-E185"	"E185"
"TTAATCCAGACTACGG-1_6"	-10.8803348798441	-1.3959369251828	-0.213068181818182	"group1"	"WT"	"1"	"WT-E185-2-WT-E185"	"E185"
"TTACGTTAGAGTCCGA-1_6"	2.79649779608971	1.97618417047454	0.416477272727273	"group1"	"WT"	"0"	"WT-E185-2-WT-E185"	"E185"
"TTCCTAATCAGCCTCT-1_6"	1.57625386527306	2.80282096170379	0.573863636363636	"group1"	"WT"	"0"	"WT-E185-2-WT-E185"	"E185"
"TTCTTGATCAAAGCCT-1_6"	-11.9083857793497	-1.67573638654755	-0.0556818181818181	"group1"	"WT"	"1"	"WT-E185-2-WT-E185"	"E185"
"TTGTTGTGTAGCGTAG-1_6"	2.96697852423913	-2.59074147440003	0.101704545454546	"group1"	"WT"	"0"	"WT-E185-2-WT-E185"	"E185"
